Inv_Id,Product_Category
1,CLASS-75
2,CLASS-784
3,CLASS-784
4,CLASS-784
5,CLASS-784
6,CLASS-784
7,CLASS-784
8,CLASS-489
9,CLASS-489
10,CLASS-913
11,CLASS-368
12,CLASS-816
13,CLASS-629
14,CLASS-629
15,CLASS-629
16,CLASS-629
17,CLASS-629
18,CLASS-629
19,CLASS-629
20,CLASS-629
21,CLASS-629
22,CLASS-629
23,CLASS-629
24,CLASS-629
25,CLASS-629
26,CLASS-629
27,CLASS-629
28,CLASS-629
29,CLASS-629
30,CLASS-629
31,CLASS-177
32,CLASS-123
33,CLASS-784
34,CLASS-784
35,CLASS-784
36,CLASS-177
37,CLASS-177
38,CLASS-177
39,CLASS-177
40,CLASS-177
41,CLASS-177
42,CLASS-177
43,CLASS-177
44,CLASS-177
45,CLASS-177
46,CLASS-177
47,CLASS-177
48,CLASS-177
49,CLASS-177
50,CLASS-177
51,CLASS-177
52,CLASS-177
53,CLASS-177
54,CLASS-177
55,CLASS-177
56,CLASS-177
57,CLASS-177
58,CLASS-177
59,CLASS-177
60,CLASS-177
61,CLASS-177
62,CLASS-177
63,CLASS-177
64,CLASS-177
65,CLASS-177
66,CLASS-177
67,CLASS-177
68,CLASS-177
69,CLASS-177
70,CLASS-177
71,CLASS-177
72,CLASS-177
73,CLASS-177
74,CLASS-177
75,CLASS-177
76,CLASS-177
77,CLASS-177
78,CLASS-177
79,CLASS-177
80,CLASS-177
81,CLASS-177
82,CLASS-177
83,CLASS-177
84,CLASS-177
85,CLASS-177
86,CLASS-177
87,CLASS-177
88,CLASS-177
89,CLASS-177
90,CLASS-177
91,CLASS-177
92,CLASS-177
93,CLASS-177
94,CLASS-177
95,CLASS-177
96,CLASS-177
97,CLASS-177
98,CLASS-177
99,CLASS-177
100,CLASS-177
101,CLASS-177
102,CLASS-177
103,CLASS-177
104,CLASS-177
105,CLASS-177
106,CLASS-177
107,CLASS-177
108,CLASS-177
109,CLASS-177
110,CLASS-177
111,CLASS-177
112,CLASS-177
113,CLASS-177
114,CLASS-177
115,CLASS-177
116,CLASS-177
117,CLASS-177
118,CLASS-177
119,CLASS-177
120,CLASS-177
121,CLASS-177
122,CLASS-177
123,CLASS-177
124,CLASS-177
125,CLASS-177
126,CLASS-177
127,CLASS-177
128,CLASS-177
129,CLASS-177
130,CLASS-177
131,CLASS-177
132,CLASS-123
133,CLASS-368
134,CLASS-671
135,CLASS-177
136,CLASS-177
137,CLASS-177
138,CLASS-177
139,CLASS-177
140,CLASS-177
141,CLASS-177
142,CLASS-177
143,CLASS-177
144,CLASS-177
145,CLASS-177
146,CLASS-177
147,CLASS-177
148,CLASS-177
149,CLASS-177
150,CLASS-177
151,CLASS-453
152,CLASS-1042
153,CLASS-1042
154,CLASS-1042
155,CLASS-1042
156,CLASS-1042
157,CLASS-1042
158,CLASS-1042
159,CLASS-1042
160,CLASS-1042
161,CLASS-1042
162,CLASS-95
163,CLASS-95
164,CLASS-95
165,CLASS-95
166,CLASS-95
167,CLASS-95
168,CLASS-95
169,CLASS-95
170,CLASS-368
171,CLASS-368
172,CLASS-368
173,CLASS-671
174,CLASS-177
175,CLASS-177
176,CLASS-177
177,CLASS-177
178,CLASS-177
179,CLASS-177
180,CLASS-177
181,CLASS-177
182,CLASS-177
183,CLASS-177
184,CLASS-177
185,CLASS-177
186,CLASS-177
187,CLASS-177
188,CLASS-177
189,CLASS-177
190,CLASS-177
191,CLASS-177
192,CLASS-177
193,CLASS-177
194,CLASS-177
195,CLASS-177
196,CLASS-177
197,CLASS-177
198,CLASS-177
199,CLASS-177
200,CLASS-177
201,CLASS-177
202,CLASS-177
203,CLASS-177
204,CLASS-177
205,CLASS-177
206,CLASS-177
207,CLASS-804
208,CLASS-804
209,CLASS-804
210,CLASS-804
211,CLASS-49
212,CLASS-368
213,CLASS-368
214,CLASS-368
215,CLASS-368
216,CLASS-368
217,CLASS-368
218,CLASS-368
219,CLASS-368
220,CLASS-368
221,CLASS-368
222,CLASS-368
223,CLASS-368
224,CLASS-368
225,CLASS-368
226,CLASS-368
227,CLASS-368
228,CLASS-368
229,CLASS-368
230,CLASS-368
231,CLASS-368
232,CLASS-368
233,CLASS-368
234,CLASS-368
235,CLASS-368
236,CLASS-368
237,CLASS-368
238,CLASS-368
239,CLASS-368
240,CLASS-368
241,CLASS-368
242,CLASS-368
243,CLASS-368
244,CLASS-804
245,CLASS-804
246,CLASS-804
247,CLASS-804
248,CLASS-804
249,CLASS-804
250,CLASS-804
251,CLASS-1042
252,CLASS-1042
253,CLASS-1042
254,CLASS-671
255,CLASS-110
256,CLASS-110
257,CLASS-110
258,CLASS-110
259,CLASS-110
260,CLASS-110
261,CLASS-110
262,CLASS-110
263,CLASS-110
264,CLASS-110
265,CLASS-110
266,CLASS-110
267,CLASS-110
268,CLASS-110
269,CLASS-278
270,CLASS-278
271,CLASS-278
272,CLASS-278
273,CLASS-278
274,CLASS-278
275,CLASS-278
276,CLASS-278
277,CLASS-278
278,CLASS-278
279,CLASS-278
280,CLASS-278
281,CLASS-278
282,CLASS-278
283,CLASS-278
284,CLASS-278
285,CLASS-278
286,CLASS-278
287,CLASS-278
288,CLASS-278
289,CLASS-278
290,CLASS-278
291,CLASS-278
292,CLASS-278
293,CLASS-278
294,CLASS-278
295,CLASS-278
296,CLASS-913
297,CLASS-522
298,CLASS-522
299,CLASS-522
300,CLASS-522
301,CLASS-522
302,CLASS-522
303,CLASS-522
304,CLASS-522
305,CLASS-522
306,CLASS-522
307,CLASS-522
308,CLASS-522
309,CLASS-522
310,CLASS-522
311,CLASS-522
312,CLASS-522
313,CLASS-522
314,CLASS-522
315,CLASS-522
316,CLASS-522
317,CLASS-522
318,CLASS-522
319,CLASS-522
320,CLASS-522
321,CLASS-522
322,CLASS-522
323,CLASS-522
324,CLASS-522
325,CLASS-522
326,CLASS-522
327,CLASS-522
328,CLASS-522
329,CLASS-522
330,CLASS-522
331,CLASS-522
332,CLASS-522
333,CLASS-522
334,CLASS-522
335,CLASS-522
336,CLASS-522
337,CLASS-522
338,CLASS-522
339,CLASS-522
340,CLASS-522
341,CLASS-606
342,CLASS-606
343,CLASS-606
344,CLASS-606
345,CLASS-606
346,CLASS-651
347,CLASS-651
348,CLASS-651
349,CLASS-651
350,CLASS-765
351,CLASS-765
352,CLASS-765
353,CLASS-765
354,CLASS-765
355,CLASS-765
356,CLASS-765
357,CLASS-765
358,CLASS-765
359,CLASS-765
360,CLASS-765
361,CLASS-765
362,CLASS-765
363,CLASS-765
364,CLASS-629
365,CLASS-629
366,CLASS-629
367,CLASS-629
368,CLASS-629
369,CLASS-629
370,CLASS-629
371,CLASS-629
372,CLASS-629
373,CLASS-629
374,CLASS-629
375,CLASS-629
376,CLASS-629
377,CLASS-629
378,CLASS-629
379,CLASS-629
380,CLASS-629
381,CLASS-629
382,CLASS-629
383,CLASS-629
384,CLASS-629
385,CLASS-629
386,CLASS-629
387,CLASS-629
388,CLASS-629
389,CLASS-629
390,CLASS-629
391,CLASS-953
392,CLASS-651
393,CLASS-651
394,CLASS-651
395,CLASS-651
396,CLASS-651
397,CLASS-651
398,CLASS-651
399,CLASS-651
400,CLASS-651
401,CLASS-651
402,CLASS-651
403,CLASS-651
404,CLASS-651
405,CLASS-651
406,CLASS-651
407,CLASS-651
408,CLASS-651
409,CLASS-839
410,CLASS-629
411,CLASS-839
412,CLASS-668
413,CLASS-668
414,CLASS-668
415,CLASS-668
416,CLASS-668
417,CLASS-668
418,CLASS-668
419,CLASS-668
420,CLASS-668
421,CLASS-668
422,CLASS-368
423,CLASS-671
424,CLASS-368
425,CLASS-368
426,CLASS-913
427,CLASS-942
428,CLASS-942
429,CLASS-942
430,CLASS-942
431,CLASS-942
432,CLASS-942
433,CLASS-942
434,CLASS-942
435,CLASS-942
436,CLASS-942
437,CLASS-942
438,CLASS-942
439,CLASS-942
440,CLASS-942
441,CLASS-942
442,CLASS-942
443,CLASS-942
444,CLASS-942
445,CLASS-942
446,CLASS-942
447,CLASS-942
448,CLASS-942
449,CLASS-942
450,CLASS-942
451,CLASS-942
452,CLASS-942
453,CLASS-942
454,CLASS-942
455,CLASS-942
456,CLASS-942
457,CLASS-942
458,CLASS-942
459,CLASS-942
460,CLASS-942
461,CLASS-942
462,CLASS-942
463,CLASS-942
464,CLASS-942
465,CLASS-942
466,CLASS-942
467,CLASS-942
468,CLASS-942
469,CLASS-942
470,CLASS-942
471,CLASS-942
472,CLASS-942
473,CLASS-942
474,CLASS-764
475,CLASS-764
476,CLASS-764
477,CLASS-764
478,CLASS-764
479,CLASS-764
480,CLASS-913
481,CLASS-913
482,CLASS-764
483,CLASS-764
484,CLASS-764
485,CLASS-764
486,CLASS-764
487,CLASS-764
488,CLASS-764
489,CLASS-913
490,CLASS-764
491,CLASS-764
492,CLASS-764
493,CLASS-764
494,CLASS-764
495,CLASS-764
496,CLASS-764
497,CLASS-764
498,CLASS-764
499,CLASS-764
500,CLASS-764
501,CLASS-764
502,CLASS-764
503,CLASS-764
504,CLASS-764
505,CLASS-764
506,CLASS-764
507,CLASS-764
508,CLASS-764
509,CLASS-764
510,CLASS-764
511,CLASS-764
512,CLASS-913
513,CLASS-764
514,CLASS-764
515,CLASS-764
516,CLASS-764
517,CLASS-764
518,CLASS-764
519,CLASS-764
520,CLASS-764
521,CLASS-764
522,CLASS-764
523,CLASS-764
524,CLASS-764
525,CLASS-764
526,CLASS-764
527,CLASS-913
528,CLASS-764
529,CLASS-764
530,CLASS-764
531,CLASS-764
532,CLASS-764
533,CLASS-764
534,CLASS-764
535,CLASS-764
536,CLASS-764
537,CLASS-913
538,CLASS-913
539,CLASS-764
540,CLASS-764
541,CLASS-764
542,CLASS-764
543,CLASS-764
544,CLASS-764
545,CLASS-913
546,CLASS-764
547,CLASS-764
548,CLASS-913
549,CLASS-913
550,CLASS-764
551,CLASS-764
552,CLASS-764
553,CLASS-764
554,CLASS-764
555,CLASS-764
556,CLASS-764
557,CLASS-764
558,CLASS-764
559,CLASS-764
560,CLASS-764
561,CLASS-764
562,CLASS-764
563,CLASS-764
564,CLASS-764
565,CLASS-764
566,CLASS-913
567,CLASS-913
568,CLASS-764
569,CLASS-764
570,CLASS-764
571,CLASS-764
572,CLASS-764
573,CLASS-764
574,CLASS-764
575,CLASS-764
576,CLASS-764
577,CLASS-913
578,CLASS-50
579,CLASS-50
580,CLASS-50
581,CLASS-50
582,CLASS-50
583,CLASS-50
584,CLASS-50
585,CLASS-50
586,CLASS-50
587,CLASS-50
588,CLASS-50
589,CLASS-50
590,CLASS-50
591,CLASS-50
592,CLASS-50
593,CLASS-50
594,CLASS-50
595,CLASS-50
596,CLASS-50
597,CLASS-50
598,CLASS-50
599,CLASS-50
600,CLASS-50
601,CLASS-50
602,CLASS-50
603,CLASS-50
604,CLASS-50
605,CLASS-50
606,CLASS-50
607,CLASS-50
608,CLASS-50
609,CLASS-50
610,CLASS-50
611,CLASS-50
612,CLASS-50
613,CLASS-50
614,CLASS-50
615,CLASS-50
616,CLASS-50
617,CLASS-50
618,CLASS-50
619,CLASS-50
620,CLASS-50
621,CLASS-50
622,CLASS-50
623,CLASS-50
624,CLASS-50
625,CLASS-50
626,CLASS-50
627,CLASS-50
628,CLASS-50
629,CLASS-50
630,CLASS-50
631,CLASS-50
632,CLASS-368
633,CLASS-50
634,CLASS-50
635,CLASS-50
636,CLASS-50
637,CLASS-50
638,CLASS-51
639,CLASS-51
640,CLASS-51
641,CLASS-51
642,CLASS-51
643,CLASS-51
644,CLASS-51
645,CLASS-51
646,CLASS-51
647,CLASS-51
648,CLASS-51
649,CLASS-51
650,CLASS-51
651,CLASS-51
652,CLASS-51
653,CLASS-51
654,CLASS-51
655,CLASS-51
656,CLASS-51
657,CLASS-51
658,CLASS-51
659,CLASS-51
660,CLASS-51
661,CLASS-51
662,CLASS-51
663,CLASS-51
664,CLASS-51
665,CLASS-51
666,CLASS-51
667,CLASS-51
668,CLASS-51
669,CLASS-51
670,CLASS-51
671,CLASS-51
672,CLASS-51
673,CLASS-51
674,CLASS-51
675,CLASS-51
676,CLASS-51
677,CLASS-51
678,CLASS-51
679,CLASS-51
680,CLASS-51
681,CLASS-51
682,CLASS-51
683,CLASS-51
684,CLASS-51
685,CLASS-51
686,CLASS-51
687,CLASS-51
688,CLASS-51
689,CLASS-51
690,CLASS-51
691,CLASS-51
692,CLASS-51
693,CLASS-51
694,CLASS-51
695,CLASS-51
696,CLASS-51
697,CLASS-51
698,CLASS-51
699,CLASS-51
700,CLASS-51
701,CLASS-51
702,CLASS-51
703,CLASS-51
704,CLASS-51
705,CLASS-51
706,CLASS-51
707,CLASS-51
708,CLASS-51
709,CLASS-51
710,CLASS-51
711,CLASS-51
712,CLASS-51
713,CLASS-51
714,CLASS-51
715,CLASS-51
716,CLASS-51
717,CLASS-51
718,CLASS-51
719,CLASS-51
720,CLASS-51
721,CLASS-51
722,CLASS-51
723,CLASS-51
724,CLASS-51
725,CLASS-51
726,CLASS-51
727,CLASS-51
728,CLASS-51
729,CLASS-51
730,CLASS-51
731,CLASS-51
732,CLASS-51
733,CLASS-51
734,CLASS-51
735,CLASS-51
736,CLASS-51
737,CLASS-51
738,CLASS-51
739,CLASS-51
740,CLASS-51
741,CLASS-51
742,CLASS-51
743,CLASS-51
744,CLASS-51
745,CLASS-51
746,CLASS-51
747,CLASS-51
748,CLASS-51
749,CLASS-51
750,CLASS-51
751,CLASS-51
752,CLASS-51
753,CLASS-51
754,CLASS-51
755,CLASS-51
756,CLASS-51
757,CLASS-51
758,CLASS-51
759,CLASS-51
760,CLASS-51
761,CLASS-51
762,CLASS-51
763,CLASS-51
764,CLASS-51
765,CLASS-51
766,CLASS-51
767,CLASS-51
768,CLASS-51
769,CLASS-51
770,CLASS-51
771,CLASS-51
772,CLASS-51
773,CLASS-51
774,CLASS-51
775,CLASS-51
776,CLASS-51
777,CLASS-51
778,CLASS-51
779,CLASS-51
780,CLASS-51
781,CLASS-51
782,CLASS-51
783,CLASS-51
784,CLASS-51
785,CLASS-51
786,CLASS-51
787,CLASS-51
788,CLASS-51
789,CLASS-51
790,CLASS-51
791,CLASS-51
792,CLASS-51
793,CLASS-51
794,CLASS-51
795,CLASS-51
796,CLASS-51
797,CLASS-51
798,CLASS-51
799,CLASS-51
800,CLASS-51
801,CLASS-51
802,CLASS-51
803,CLASS-51
804,CLASS-51
805,CLASS-51
806,CLASS-51
807,CLASS-51
808,CLASS-51
809,CLASS-51
810,CLASS-51
811,CLASS-51
812,CLASS-51
813,CLASS-51
814,CLASS-51
815,CLASS-51
816,CLASS-559
817,CLASS-559
818,CLASS-559
819,CLASS-559
820,CLASS-559
821,CLASS-559
822,CLASS-559
823,CLASS-559
824,CLASS-559
825,CLASS-559
826,CLASS-559
827,CLASS-559
828,CLASS-559
829,CLASS-559
830,CLASS-559
831,CLASS-559
832,CLASS-559
833,CLASS-559
834,CLASS-559
835,CLASS-559
836,CLASS-559
837,CLASS-559
838,CLASS-559
839,CLASS-559
840,CLASS-559
841,CLASS-559
842,CLASS-559
843,CLASS-559
844,CLASS-559
845,CLASS-559
846,CLASS-559
847,CLASS-559
848,CLASS-559
849,CLASS-559
850,CLASS-559
851,CLASS-559
852,CLASS-559
853,CLASS-559
854,CLASS-559
855,CLASS-559
856,CLASS-559
857,CLASS-559
858,CLASS-559
859,CLASS-559
860,CLASS-559
861,CLASS-559
862,CLASS-559
863,CLASS-559
864,CLASS-559
865,CLASS-559
866,CLASS-559
867,CLASS-559
868,CLASS-559
869,CLASS-559
870,CLASS-559
871,CLASS-559
872,CLASS-559
873,CLASS-559
874,CLASS-559
875,CLASS-559
876,CLASS-559
877,CLASS-559
878,CLASS-559
879,CLASS-559
880,CLASS-559
881,CLASS-559
882,CLASS-559
883,CLASS-559
884,CLASS-559
885,CLASS-559
886,CLASS-559
887,CLASS-559
888,CLASS-559
889,CLASS-559
890,CLASS-559
891,CLASS-559
892,CLASS-559
893,CLASS-559
894,CLASS-559
895,CLASS-559
896,CLASS-559
897,CLASS-559
898,CLASS-559
899,CLASS-559
900,CLASS-559
901,CLASS-559
902,CLASS-559
903,CLASS-559
904,CLASS-559
905,CLASS-559
906,CLASS-559
907,CLASS-559
908,CLASS-559
909,CLASS-559
910,CLASS-559
911,CLASS-559
912,CLASS-559
913,CLASS-559
914,CLASS-559
915,CLASS-559
916,CLASS-559
917,CLASS-559
918,CLASS-559
919,CLASS-559
920,CLASS-559
921,CLASS-559
922,CLASS-559
923,CLASS-559
924,CLASS-559
925,CLASS-559
926,CLASS-559
927,CLASS-559
928,CLASS-559
929,CLASS-559
930,CLASS-559
931,CLASS-559
932,CLASS-559
933,CLASS-559
934,CLASS-559
935,CLASS-559
936,CLASS-559
937,CLASS-559
938,CLASS-559
939,CLASS-559
940,CLASS-559
941,CLASS-559
942,CLASS-559
943,CLASS-559
944,CLASS-559
945,CLASS-559
946,CLASS-559
947,CLASS-559
948,CLASS-559
949,CLASS-559
950,CLASS-559
951,CLASS-559
952,CLASS-559
953,CLASS-559
954,CLASS-559
955,CLASS-559
956,CLASS-559
957,CLASS-559
958,CLASS-559
959,CLASS-559
960,CLASS-559
961,CLASS-559
962,CLASS-559
963,CLASS-559
964,CLASS-559
965,CLASS-559
966,CLASS-559
967,CLASS-559
968,CLASS-559
969,CLASS-559
970,CLASS-559
971,CLASS-559
972,CLASS-559
973,CLASS-559
974,CLASS-559
975,CLASS-559
976,CLASS-559
977,CLASS-559
978,CLASS-559
979,CLASS-559
980,CLASS-559
981,CLASS-559
982,CLASS-559
983,CLASS-559
984,CLASS-559
985,CLASS-559
986,CLASS-559
987,CLASS-559
988,CLASS-559
989,CLASS-559
990,CLASS-559
991,CLASS-559
992,CLASS-559
993,CLASS-559
994,CLASS-559
995,CLASS-559
996,CLASS-559
997,CLASS-559
998,CLASS-559
999,CLASS-559
1000,CLASS-559
1001,CLASS-559
1002,CLASS-559
1003,CLASS-559
1004,CLASS-559
1005,CLASS-559
1006,CLASS-559
1007,CLASS-559
1008,CLASS-559
1009,CLASS-559
1010,CLASS-559
1011,CLASS-559
1012,CLASS-559
1013,CLASS-559
1014,CLASS-559
1015,CLASS-559
1016,CLASS-559
1017,CLASS-559
1018,CLASS-559
1019,CLASS-559
1020,CLASS-559
1021,CLASS-559
1022,CLASS-559
1023,CLASS-559
1024,CLASS-559
1025,CLASS-559
1026,CLASS-559
1027,CLASS-559
1028,CLASS-559
1029,CLASS-559
1030,CLASS-559
1031,CLASS-559
1032,CLASS-559
1033,CLASS-559
1034,CLASS-559
1035,CLASS-559
1036,CLASS-559
1037,CLASS-559
1038,CLASS-559
1039,CLASS-559
1040,CLASS-559
1041,CLASS-559
1042,CLASS-559
1043,CLASS-559
1044,CLASS-559
1045,CLASS-559
1046,CLASS-559
1047,CLASS-559
1048,CLASS-559
1049,CLASS-559
1050,CLASS-559
1051,CLASS-559
1052,CLASS-559
1053,CLASS-559
1054,CLASS-559
1055,CLASS-559
1056,CLASS-559
1057,CLASS-559
1058,CLASS-559
1059,CLASS-559
1060,CLASS-559
1061,CLASS-559
1062,CLASS-559
1063,CLASS-559
1064,CLASS-559
1065,CLASS-559
1066,CLASS-559
1067,CLASS-559
1068,CLASS-559
1069,CLASS-559
1070,CLASS-559
1071,CLASS-559
1072,CLASS-559
1073,CLASS-559
1074,CLASS-559
1075,CLASS-559
1076,CLASS-559
1077,CLASS-559
1078,CLASS-559
1079,CLASS-559
1080,CLASS-559
1081,CLASS-559
1082,CLASS-559
1083,CLASS-559
1084,CLASS-559
1085,CLASS-559
1086,CLASS-559
1087,CLASS-559
1088,CLASS-559
1089,CLASS-559
1090,CLASS-559
1091,CLASS-559
1092,CLASS-559
1093,CLASS-559
1094,CLASS-559
1095,CLASS-559
1096,CLASS-559
1097,CLASS-559
1098,CLASS-559
1099,CLASS-559
1100,CLASS-559
1101,CLASS-559
1102,CLASS-559
1103,CLASS-559
1104,CLASS-559
1105,CLASS-559
1106,CLASS-559
1107,CLASS-559
1108,CLASS-559
1109,CLASS-559
1110,CLASS-559
1111,CLASS-559
1112,CLASS-559
1113,CLASS-559
1114,CLASS-559
1115,CLASS-559
1116,CLASS-559
1117,CLASS-559
1118,CLASS-559
1119,CLASS-559
1120,CLASS-559
1121,CLASS-559
1122,CLASS-559
1123,CLASS-559
1124,CLASS-559
1125,CLASS-559
1126,CLASS-559
1127,CLASS-559
1128,CLASS-559
1129,CLASS-559
1130,CLASS-559
1131,CLASS-559
1132,CLASS-559
1133,CLASS-559
1134,CLASS-559
1135,CLASS-559
1136,CLASS-559
1137,CLASS-559
1138,CLASS-559
1139,CLASS-559
1140,CLASS-559
1141,CLASS-559
1142,CLASS-559
1143,CLASS-559
1144,CLASS-559
1145,CLASS-559
1146,CLASS-559
1147,CLASS-559
1148,CLASS-559
1149,CLASS-559
1150,CLASS-559
1151,CLASS-559
1152,CLASS-559
1153,CLASS-559
1154,CLASS-559
1155,CLASS-559
1156,CLASS-559
1157,CLASS-559
1158,CLASS-559
1159,CLASS-559
1160,CLASS-559
1161,CLASS-559
1162,CLASS-559
1163,CLASS-559
1164,CLASS-559
1165,CLASS-559
1166,CLASS-559
1167,CLASS-559
1168,CLASS-559
1169,CLASS-559
1170,CLASS-559
1171,CLASS-559
1172,CLASS-559
1173,CLASS-559
1174,CLASS-559
1175,CLASS-559
1176,CLASS-559
1177,CLASS-559
1178,CLASS-559
1179,CLASS-559
1180,CLASS-559
1181,CLASS-559
1182,CLASS-559
1183,CLASS-559
1184,CLASS-559
1185,CLASS-559
1186,CLASS-559
1187,CLASS-559
1188,CLASS-559
1189,CLASS-559
1190,CLASS-559
1191,CLASS-559
1192,CLASS-559
1193,CLASS-559
1194,CLASS-559
1195,CLASS-559
1196,CLASS-559
1197,CLASS-559
1198,CLASS-559
1199,CLASS-559
1200,CLASS-559
1201,CLASS-559
1202,CLASS-559
1203,CLASS-559
1204,CLASS-559
1205,CLASS-559
1206,CLASS-559
1207,CLASS-559
1208,CLASS-559
1209,CLASS-559
1210,CLASS-559
1211,CLASS-559
1212,CLASS-559
1213,CLASS-559
1214,CLASS-559
1215,CLASS-559
1216,CLASS-559
1217,CLASS-559
1218,CLASS-559
1219,CLASS-559
1220,CLASS-559
1221,CLASS-559
1222,CLASS-559
1223,CLASS-559
1224,CLASS-559
1225,CLASS-559
1226,CLASS-559
1227,CLASS-559
1228,CLASS-559
1229,CLASS-559
1230,CLASS-559
1231,CLASS-559
1232,CLASS-559
1233,CLASS-559
1234,CLASS-559
1235,CLASS-559
1236,CLASS-559
1237,CLASS-559
1238,CLASS-559
1239,CLASS-559
1240,CLASS-559
1241,CLASS-559
1242,CLASS-559
1243,CLASS-559
1244,CLASS-559
1245,CLASS-559
1246,CLASS-559
1247,CLASS-559
1248,CLASS-559
1249,CLASS-559
1250,CLASS-559
1251,CLASS-559
1252,CLASS-559
1253,CLASS-559
1254,CLASS-559
1255,CLASS-559
1256,CLASS-559
1257,CLASS-559
1258,CLASS-559
1259,CLASS-559
1260,CLASS-559
1261,CLASS-559
1262,CLASS-559
1263,CLASS-559
1264,CLASS-559
1265,CLASS-559
1266,CLASS-559
1267,CLASS-559
1268,CLASS-559
1269,CLASS-559
1270,CLASS-559
1271,CLASS-559
1272,CLASS-559
1273,CLASS-559
1274,CLASS-559
1275,CLASS-559
1276,CLASS-559
1277,CLASS-559
1278,CLASS-559
1279,CLASS-559
1280,CLASS-559
1281,CLASS-559
1282,CLASS-559
1283,CLASS-559
1284,CLASS-559
1285,CLASS-559
1286,CLASS-559
1287,CLASS-559
1288,CLASS-559
1289,CLASS-559
1290,CLASS-559
1291,CLASS-559
1292,CLASS-559
1293,CLASS-559
1294,CLASS-559
1295,CLASS-559
1296,CLASS-559
1297,CLASS-559
1298,CLASS-559
1299,CLASS-559
1300,CLASS-559
1301,CLASS-559
1302,CLASS-559
1303,CLASS-559
1304,CLASS-559
1305,CLASS-559
1306,CLASS-559
1307,CLASS-559
1308,CLASS-559
1309,CLASS-559
1310,CLASS-559
1311,CLASS-559
1312,CLASS-559
1313,CLASS-559
1314,CLASS-559
1315,CLASS-559
1316,CLASS-559
1317,CLASS-559
1318,CLASS-559
1319,CLASS-559
1320,CLASS-559
1321,CLASS-559
1322,CLASS-559
1323,CLASS-559
1324,CLASS-559
1325,CLASS-559
1326,CLASS-559
1327,CLASS-559
1328,CLASS-559
1329,CLASS-559
1330,CLASS-559
1331,CLASS-559
1332,CLASS-559
1333,CLASS-559
1334,CLASS-559
1335,CLASS-559
1336,CLASS-559
1337,CLASS-559
1338,CLASS-559
1339,CLASS-559
1340,CLASS-559
1341,CLASS-559
1342,CLASS-559
1343,CLASS-559
1344,CLASS-559
1345,CLASS-559
1346,CLASS-559
1347,CLASS-559
1348,CLASS-559
1349,CLASS-559
1350,CLASS-559
1351,CLASS-559
1352,CLASS-559
1353,CLASS-559
1354,CLASS-559
1355,CLASS-559
1356,CLASS-559
1357,CLASS-559
1358,CLASS-559
1359,CLASS-559
1360,CLASS-559
1361,CLASS-559
1362,CLASS-559
1363,CLASS-559
1364,CLASS-559
1365,CLASS-559
1366,CLASS-559
1367,CLASS-559
1368,CLASS-559
1369,CLASS-559
1370,CLASS-559
1371,CLASS-559
1372,CLASS-559
1373,CLASS-559
1374,CLASS-559
1375,CLASS-559
1376,CLASS-559
1377,CLASS-559
1378,CLASS-559
1379,CLASS-559
1380,CLASS-559
1381,CLASS-559
1382,CLASS-559
1383,CLASS-559
1384,CLASS-559
1385,CLASS-559
1386,CLASS-559
1387,CLASS-559
1388,CLASS-559
1389,CLASS-559
1390,CLASS-559
1391,CLASS-559
1392,CLASS-559
1393,CLASS-559
1394,CLASS-559
1395,CLASS-559
1396,CLASS-559
1397,CLASS-559
1398,CLASS-559
1399,CLASS-559
1400,CLASS-559
1401,CLASS-559
1402,CLASS-559
1403,CLASS-559
1404,CLASS-559
1405,CLASS-559
1406,CLASS-559
1407,CLASS-559
1408,CLASS-559
1409,CLASS-559
1410,CLASS-559
1411,CLASS-559
1412,CLASS-559
1413,CLASS-559
1414,CLASS-559
1415,CLASS-559
1416,CLASS-559
1417,CLASS-559
1418,CLASS-559
1419,CLASS-559
1420,CLASS-559
1421,CLASS-559
1422,CLASS-559
1423,CLASS-559
1424,CLASS-559
1425,CLASS-559
1426,CLASS-559
1427,CLASS-559
1428,CLASS-559
1429,CLASS-559
1430,CLASS-559
1431,CLASS-559
1432,CLASS-559
1433,CLASS-559
1434,CLASS-75
1435,CLASS-75
1436,CLASS-75
1437,CLASS-75
1438,CLASS-75
1439,CLASS-75
1440,CLASS-75
1441,CLASS-75
1442,CLASS-75
1443,CLASS-75
1444,CLASS-75
1445,CLASS-75
1446,CLASS-75
1447,CLASS-75
1448,CLASS-75
1449,CLASS-75
1450,CLASS-75
1451,CLASS-75
1452,CLASS-75
1453,CLASS-75
1454,CLASS-75
1455,CLASS-75
1456,CLASS-75
1457,CLASS-75
1458,CLASS-75
1459,CLASS-75
1460,CLASS-75
1461,CLASS-75
1462,CLASS-75
1463,CLASS-75
1464,CLASS-75
1465,CLASS-75
1466,CLASS-75
1467,CLASS-75
1468,CLASS-75
1469,CLASS-75
1470,CLASS-75
1471,CLASS-75
1472,CLASS-75
1473,CLASS-75
1474,CLASS-75
1475,CLASS-75
1476,CLASS-75
1477,CLASS-75
1478,CLASS-75
1479,CLASS-75
1480,CLASS-75
1481,CLASS-75
1482,CLASS-75
1483,CLASS-75
1484,CLASS-75
1485,CLASS-75
1486,CLASS-75
1487,CLASS-75
1488,CLASS-75
1489,CLASS-75
1490,CLASS-75
1491,CLASS-75
1492,CLASS-75
1493,CLASS-75
1494,CLASS-75
1495,CLASS-75
1496,CLASS-75
1497,CLASS-75
1498,CLASS-75
1499,CLASS-75
1500,CLASS-75
1501,CLASS-75
1502,CLASS-75
1503,CLASS-75
1504,CLASS-75
1505,CLASS-75
1506,CLASS-75
1507,CLASS-75
1508,CLASS-75
1509,CLASS-75
1510,CLASS-75
1511,CLASS-75
1512,CLASS-75
1513,CLASS-75
1514,CLASS-75
1515,CLASS-75
1516,CLASS-75
1517,CLASS-75
1518,CLASS-75
1519,CLASS-75
1520,CLASS-75
1521,CLASS-75
1522,CLASS-75
1523,CLASS-75
1524,CLASS-75
1525,CLASS-75
1526,CLASS-75
1527,CLASS-75
1528,CLASS-75
1529,CLASS-75
1530,CLASS-75
1531,CLASS-75
1532,CLASS-75
1533,CLASS-75
1534,CLASS-75
1535,CLASS-75
1536,CLASS-75
1537,CLASS-75
1538,CLASS-75
1539,CLASS-75
1540,CLASS-75
1541,CLASS-75
1542,CLASS-75
1543,CLASS-75
1544,CLASS-75
1545,CLASS-75
1546,CLASS-75
1547,CLASS-75
1548,CLASS-75
1549,CLASS-75
1550,CLASS-75
1551,CLASS-75
1552,CLASS-75
1553,CLASS-75
1554,CLASS-75
1555,CLASS-75
1556,CLASS-75
1557,CLASS-75
1558,CLASS-75
1559,CLASS-75
1560,CLASS-75
1561,CLASS-75
1562,CLASS-75
1563,CLASS-75
1564,CLASS-75
1565,CLASS-75
1566,CLASS-75
1567,CLASS-75
1568,CLASS-74
1569,CLASS-75
1570,CLASS-75
1571,CLASS-75
1572,CLASS-75
1573,CLASS-75
1574,CLASS-75
1575,CLASS-75
1576,CLASS-75
1577,CLASS-75
1578,CLASS-75
1579,CLASS-75
1580,CLASS-75
1581,CLASS-75
1582,CLASS-75
1583,CLASS-75
1584,CLASS-75
1585,CLASS-75
1586,CLASS-75
1587,CLASS-75
1588,CLASS-75
1589,CLASS-75
1590,CLASS-75
1591,CLASS-75
1592,CLASS-75
1593,CLASS-75
1594,CLASS-75
1595,CLASS-75
1596,CLASS-75
1597,CLASS-75
1598,CLASS-75
1599,CLASS-75
1600,CLASS-75
1601,CLASS-74
1602,CLASS-75
1603,CLASS-75
1604,CLASS-75
1605,CLASS-75
1606,CLASS-75
1607,CLASS-75
1608,CLASS-75
1609,CLASS-75
1610,CLASS-75
1611,CLASS-75
1612,CLASS-75
1613,CLASS-75
1614,CLASS-75
1615,CLASS-75
1616,CLASS-75
1617,CLASS-75
1618,CLASS-75
1619,CLASS-75
1620,CLASS-75
1621,CLASS-75
1622,CLASS-75
1623,CLASS-75
1624,CLASS-75
1625,CLASS-75
1626,CLASS-75
1627,CLASS-75
1628,CLASS-75
1629,CLASS-75
1630,CLASS-75
1631,CLASS-75
1632,CLASS-75
1633,CLASS-75
1634,CLASS-75
1635,CLASS-75
1636,CLASS-75
1637,CLASS-75
1638,CLASS-75
1639,CLASS-75
1640,CLASS-75
1641,CLASS-75
1642,CLASS-75
1643,CLASS-75
1644,CLASS-75
1645,CLASS-75
1646,CLASS-75
1647,CLASS-75
1648,CLASS-75
1649,CLASS-75
1650,CLASS-75
1651,CLASS-75
1652,CLASS-75
1653,CLASS-75
1654,CLASS-75
1655,CLASS-75
1656,CLASS-75
1657,CLASS-75
1658,CLASS-75
1659,CLASS-75
1660,CLASS-75
1661,CLASS-75
1662,CLASS-75
1663,CLASS-75
1664,CLASS-75
1665,CLASS-75
1666,CLASS-75
1667,CLASS-75
1668,CLASS-75
1669,CLASS-75
1670,CLASS-75
1671,CLASS-75
1672,CLASS-75
1673,CLASS-75
1674,CLASS-75
1675,CLASS-75
1676,CLASS-75
1677,CLASS-75
1678,CLASS-75
1679,CLASS-75
1680,CLASS-75
1681,CLASS-75
1682,CLASS-75
1683,CLASS-75
1684,CLASS-75
1685,CLASS-75
1686,CLASS-75
1687,CLASS-75
1688,CLASS-75
1689,CLASS-75
1690,CLASS-75
1691,CLASS-75
1692,CLASS-75
1693,CLASS-75
1694,CLASS-75
1695,CLASS-75
1696,CLASS-75
1697,CLASS-75
1698,CLASS-75
1699,CLASS-75
1700,CLASS-75
1701,CLASS-75
1702,CLASS-75
1703,CLASS-75
1704,CLASS-75
1705,CLASS-75
1706,CLASS-75
1707,CLASS-75
1708,CLASS-75
1709,CLASS-75
1710,CLASS-75
1711,CLASS-75
1712,CLASS-75
1713,CLASS-75
1714,CLASS-75
1715,CLASS-75
1716,CLASS-75
1717,CLASS-75
1718,CLASS-75
1719,CLASS-75
1720,CLASS-75
1721,CLASS-75
1722,CLASS-75
1723,CLASS-75
1724,CLASS-75
1725,CLASS-75
1726,CLASS-75
1727,CLASS-75
1728,CLASS-75
1729,CLASS-75
1730,CLASS-75
1731,CLASS-75
1732,CLASS-75
1733,CLASS-75
1734,CLASS-75
1735,CLASS-75
1736,CLASS-75
1737,CLASS-75
1738,CLASS-75
1739,CLASS-75
1740,CLASS-75
1741,CLASS-75
1742,CLASS-75
1743,CLASS-75
1744,CLASS-75
1745,CLASS-75
1746,CLASS-75
1747,CLASS-75
1748,CLASS-75
1749,CLASS-75
1750,CLASS-75
1751,CLASS-75
1752,CLASS-75
1753,CLASS-75
1754,CLASS-75
1755,CLASS-75
1756,CLASS-75
1757,CLASS-75
1758,CLASS-75
1759,CLASS-75
1760,CLASS-75
1761,CLASS-75
1762,CLASS-75
1763,CLASS-75
1764,CLASS-75
1765,CLASS-75
1766,CLASS-75
1767,CLASS-75
1768,CLASS-75
1769,CLASS-75
1770,CLASS-75
1771,CLASS-75
1772,CLASS-75
1773,CLASS-74
1774,CLASS-74
1775,CLASS-75
1776,CLASS-75
1777,CLASS-75
1778,CLASS-75
1779,CLASS-75
1780,CLASS-75
1781,CLASS-75
1782,CLASS-75
1783,CLASS-75
1784,CLASS-75
1785,CLASS-75
1786,CLASS-75
1787,CLASS-75
1788,CLASS-75
1789,CLASS-75
1790,CLASS-75
1791,CLASS-74
1792,CLASS-75
1793,CLASS-75
1794,CLASS-75
1795,CLASS-75
1796,CLASS-74
1797,CLASS-74
1798,CLASS-74
1799,CLASS-74
1800,CLASS-74
1801,CLASS-74
1802,CLASS-74
1803,CLASS-74
1804,CLASS-75
1805,CLASS-75
1806,CLASS-75
1807,CLASS-75
1808,CLASS-75
1809,CLASS-75
1810,CLASS-75
1811,CLASS-75
1812,CLASS-75
1813,CLASS-75
1814,CLASS-75
1815,CLASS-75
1816,CLASS-75
1817,CLASS-74
1818,CLASS-74
1819,CLASS-75
1820,CLASS-75
1821,CLASS-75
1822,CLASS-75
1823,CLASS-75
1824,CLASS-75
1825,CLASS-75
1826,CLASS-75
1827,CLASS-75
1828,CLASS-75
1829,CLASS-75
1830,CLASS-75
1831,CLASS-75
1832,CLASS-75
1833,CLASS-75
1834,CLASS-75
1835,CLASS-75
1836,CLASS-75
1837,CLASS-75
1838,CLASS-75
1839,CLASS-74
1840,CLASS-74
1841,CLASS-75
1842,CLASS-75
1843,CLASS-75
1844,CLASS-453
1845,CLASS-453
1846,CLASS-453
1847,CLASS-123
1848,CLASS-123
1849,CLASS-123
1850,CLASS-123
1851,CLASS-123
1852,CLASS-123
1853,CLASS-123
1854,CLASS-123
1855,CLASS-123
1856,CLASS-123
1857,CLASS-123
1858,CLASS-123
1859,CLASS-123
1860,CLASS-123
1861,CLASS-123
1862,CLASS-123
1863,CLASS-123
1864,CLASS-123
1865,CLASS-322
1866,CLASS-322
1867,CLASS-322
1868,CLASS-323
1869,CLASS-323
1870,CLASS-323
1871,CLASS-323
1872,CLASS-323
1873,CLASS-323
1874,CLASS-323
1875,CLASS-323
1876,CLASS-323
1877,CLASS-323
1878,CLASS-323
1879,CLASS-323
1880,CLASS-323
1881,CLASS-323
1882,CLASS-323
1883,CLASS-323
1884,CLASS-323
1885,CLASS-323
1886,CLASS-323
1887,CLASS-323
1888,CLASS-323
1889,CLASS-323
1890,CLASS-323
1891,CLASS-323
1892,CLASS-323
1893,CLASS-323
1894,CLASS-323
1895,CLASS-323
1896,CLASS-323
1897,CLASS-323
1898,CLASS-323
1899,CLASS-323
1900,CLASS-323
1901,CLASS-323
1902,CLASS-323
1903,CLASS-323
1904,CLASS-323
1905,CLASS-323
1906,CLASS-323
1907,CLASS-323
1908,CLASS-323
1909,CLASS-323
1910,CLASS-323
1911,CLASS-323
1912,CLASS-323
1913,CLASS-323
1914,CLASS-323
1915,CLASS-323
1916,CLASS-323
1917,CLASS-323
1918,CLASS-323
1919,CLASS-323
1920,CLASS-323
1921,CLASS-323
1922,CLASS-323
1923,CLASS-323
1924,CLASS-323
1925,CLASS-323
1926,CLASS-323
1927,CLASS-323
1928,CLASS-323
1929,CLASS-323
1930,CLASS-323
1931,CLASS-323
1932,CLASS-323
1933,CLASS-323
1934,CLASS-323
1935,CLASS-323
1936,CLASS-323
1937,CLASS-323
1938,CLASS-323
1939,CLASS-323
1940,CLASS-323
1941,CLASS-323
1942,CLASS-323
1943,CLASS-323
1944,CLASS-323
1945,CLASS-323
1946,CLASS-323
1947,CLASS-323
1948,CLASS-323
1949,CLASS-323
1950,CLASS-323
1951,CLASS-323
1952,CLASS-323
1953,CLASS-323
1954,CLASS-323
1955,CLASS-323
1956,CLASS-323
1957,CLASS-323
1958,CLASS-323
1959,CLASS-323
1960,CLASS-323
1961,CLASS-323
1962,CLASS-323
1963,CLASS-323
1964,CLASS-323
1965,CLASS-323
1966,CLASS-323
1967,CLASS-323
1968,CLASS-323
1969,CLASS-323
1970,CLASS-323
1971,CLASS-323
1972,CLASS-323
1973,CLASS-323
1974,CLASS-323
1975,CLASS-323
1976,CLASS-323
1977,CLASS-323
1978,CLASS-323
1979,CLASS-323
1980,CLASS-323
1981,CLASS-323
1982,CLASS-323
1983,CLASS-323
1984,CLASS-323
1985,CLASS-323
1986,CLASS-323
1987,CLASS-323
1988,CLASS-323
1989,CLASS-323
1990,CLASS-323
1991,CLASS-323
1992,CLASS-323
1993,CLASS-323
1994,CLASS-323
1995,CLASS-323
1996,CLASS-323
1997,CLASS-323
1998,CLASS-323
1999,CLASS-323
2000,CLASS-323
2001,CLASS-323
2002,CLASS-323
2003,CLASS-323
2004,CLASS-323
2005,CLASS-323
2006,CLASS-323
2007,CLASS-323
2008,CLASS-323
2009,CLASS-323
2010,CLASS-323
2011,CLASS-323
2012,CLASS-323
2013,CLASS-323
2014,CLASS-323
2015,CLASS-323
2016,CLASS-323
2017,CLASS-323
2018,CLASS-323
2019,CLASS-323
2020,CLASS-322
2021,CLASS-322
2022,CLASS-322
2023,CLASS-322
2024,CLASS-322
2025,CLASS-322
2026,CLASS-322
2027,CLASS-322
2028,CLASS-322
2029,CLASS-322
2030,CLASS-322
2031,CLASS-322
2032,CLASS-323
2033,CLASS-323
2034,CLASS-323
2035,CLASS-323
2036,CLASS-323
2037,CLASS-323
2038,CLASS-323
2039,CLASS-323
2040,CLASS-323
2041,CLASS-323
2042,CLASS-322
2043,CLASS-323
2044,CLASS-323
2045,CLASS-323
2046,CLASS-323
2047,CLASS-323
2048,CLASS-323
2049,CLASS-323
2050,CLASS-323
2051,CLASS-323
2052,CLASS-323
2053,CLASS-323
2054,CLASS-323
2055,CLASS-323
2056,CLASS-323
2057,CLASS-323
2058,CLASS-323
2059,CLASS-323
2060,CLASS-323
2061,CLASS-323
2062,CLASS-323
2063,CLASS-323
2064,CLASS-323
2065,CLASS-323
2066,CLASS-323
2067,CLASS-323
2068,CLASS-322
2069,CLASS-322
2070,CLASS-322
2071,CLASS-322
2072,CLASS-322
2073,CLASS-322
2074,CLASS-322
2075,CLASS-322
2076,CLASS-322
2077,CLASS-322
2078,CLASS-322
2079,CLASS-322
2080,CLASS-322
2081,CLASS-322
2082,CLASS-322
2083,CLASS-322
2084,CLASS-322
2085,CLASS-322
2086,CLASS-323
2087,CLASS-323
2088,CLASS-323
2089,CLASS-323
2090,CLASS-323
2091,CLASS-323
2092,CLASS-323
2093,CLASS-323
2094,CLASS-323
2095,CLASS-323
2096,CLASS-323
2097,CLASS-322
2098,CLASS-323
2099,CLASS-323
2100,CLASS-323
2101,CLASS-323
2102,CLASS-323
2103,CLASS-323
2104,CLASS-323
2105,CLASS-323
2106,CLASS-323
2107,CLASS-323
2108,CLASS-323
2109,CLASS-323
2110,CLASS-323
2111,CLASS-323
2112,CLASS-323
2113,CLASS-323
2114,CLASS-323
2115,CLASS-323
2116,CLASS-323
2117,CLASS-323
2118,CLASS-323
2119,CLASS-323
2120,CLASS-323
2121,CLASS-323
2122,CLASS-323
2123,CLASS-323
2124,CLASS-323
2125,CLASS-323
2126,CLASS-323
2127,CLASS-323
2128,CLASS-323
2129,CLASS-323
2130,CLASS-323
2131,CLASS-323
2132,CLASS-323
2133,CLASS-323
2134,CLASS-323
2135,CLASS-323
2136,CLASS-323
2137,CLASS-323
2138,CLASS-323
2139,CLASS-323
2140,CLASS-323
2141,CLASS-323
2142,CLASS-323
2143,CLASS-323
2144,CLASS-323
2145,CLASS-323
2146,CLASS-323
2147,CLASS-323
2148,CLASS-323
2149,CLASS-323
2150,CLASS-323
2151,CLASS-323
2152,CLASS-323
2153,CLASS-323
2154,CLASS-323
2155,CLASS-323
2156,CLASS-323
2157,CLASS-323
2158,CLASS-323
2159,CLASS-323
2160,CLASS-323
2161,CLASS-323
2162,CLASS-323
2163,CLASS-323
2164,CLASS-323
2165,CLASS-323
2166,CLASS-323
2167,CLASS-323
2168,CLASS-323
2169,CLASS-323
2170,CLASS-323
2171,CLASS-323
2172,CLASS-323
2173,CLASS-323
2174,CLASS-323
2175,CLASS-323
2176,CLASS-322
2177,CLASS-323
2178,CLASS-322
2179,CLASS-322
2180,CLASS-323
2181,CLASS-323
2182,CLASS-323
2183,CLASS-323
2184,CLASS-323
2185,CLASS-323
2186,CLASS-323
2187,CLASS-323
2188,CLASS-323
2189,CLASS-323
2190,CLASS-323
2191,CLASS-323
2192,CLASS-323
2193,CLASS-323
2194,CLASS-323
2195,CLASS-323
2196,CLASS-323
2197,CLASS-323
2198,CLASS-323
2199,CLASS-323
2200,CLASS-323
2201,CLASS-323
2202,CLASS-323
2203,CLASS-323
2204,CLASS-323
2205,CLASS-323
2206,CLASS-323
2207,CLASS-323
2208,CLASS-323
2209,CLASS-322
2210,CLASS-322
2211,CLASS-322
2212,CLASS-322
2213,CLASS-322
2214,CLASS-323
2215,CLASS-323
2216,CLASS-323
2217,CLASS-323
2218,CLASS-323
2219,CLASS-323
2220,CLASS-323
2221,CLASS-323
2222,CLASS-323
2223,CLASS-323
2224,CLASS-323
2225,CLASS-323
2226,CLASS-323
2227,CLASS-323
2228,CLASS-323
2229,CLASS-323
2230,CLASS-323
2231,CLASS-322
2232,CLASS-720
2233,CLASS-720
2234,CLASS-720
2235,CLASS-720
2236,CLASS-720
2237,CLASS-720
2238,CLASS-720
2239,CLASS-720
2240,CLASS-720
2241,CLASS-720
2242,CLASS-720
2243,CLASS-720
2244,CLASS-720
2245,CLASS-720
2246,CLASS-720
2247,CLASS-720
2248,CLASS-720
2249,CLASS-720
2250,CLASS-720
2251,CLASS-720
2252,CLASS-720
2253,CLASS-671
2254,CLASS-671
2255,CLASS-671
2256,CLASS-720
2257,CLASS-720
2258,CLASS-720
2259,CLASS-720
2260,CLASS-720
2261,CLASS-671
2262,CLASS-720
2263,CLASS-671
2264,CLASS-671
2265,CLASS-720
2266,CLASS-720
2267,CLASS-671
2268,CLASS-720
2269,CLASS-720
2270,CLASS-230
2271,CLASS-913
2272,CLASS-230
2273,CLASS-758
2274,CLASS-230
2275,CLASS-230
2276,CLASS-230
2277,CLASS-230
2278,CLASS-230
2279,CLASS-230
2280,CLASS-230
2281,CLASS-230
2282,CLASS-230
2283,CLASS-230
2284,CLASS-230
2285,CLASS-230
2286,CLASS-230
2287,CLASS-230
2288,CLASS-571
2289,CLASS-571
2290,CLASS-571
2291,CLASS-571
2292,CLASS-571
